2900000;PERFILES 2115 (BLQ)
2900002;TB ACU 14 UM RDE21 6M CSA (BLQ)
2900003;TB LISO PRE 1.1/2 EXC RDE26 5.8M (BLQ)
2900005;PERFILES 2715 (BLQ)
2900006;PERFILES 3910 (BLQ)
2900007;TB ALC NOVAFORT S8 500MM(20) 6MBCO (BLQ)
2900008;TB ELECTRODUCTO DB 2X6M (BLQ)
2900009;TB ACU 6 UM RDE13.5 CSA (BLQ)
2900010;TB ACU 2 UM RDE21 200PSI 6M
2900011;TB ACU 2 UM RDE21 200PSI 6M CSA
2900012;TB ACU 2 UM RDE26 160PSI 6M
2900013;TB ACU 2 UM RDE26 160PSI 6M CSA
2900014;TB ACU 2 UM RDE32.5 125PSI 6M
2900015;TB ACU 2 UM RDE32.5 125PSI 6M CSA
2900016;TB ACU 2 UM RDE41 100PSI 6M
2900017;TB ACU 2 UM RDE41 100PSI 6M PVCCSA (BLQ)
2900018;TB ACU 2.1/2 UM RDE21 200PSI 6M
2900019;TB ACU 2.1/2 UM RDE21 200PSI 6MCSA (BLQ)
2900020;TB ACU 2.1/2 UM RDE26 160PSI 6M (BLQ)
2900021;TB ACU 2.1/2 UMRDE26160PSI6MPVCCSA (BLQ)
2900022;TB ACU 3 UM RDE21 200PSI 6M
2900023;TB ACU 3 UM RDE21 200PSI 6M CSA
2900024;TB ACU 3 UM RDE26 160PSI 6M
2900025;TB ACU 3 UM RDE26 160PSI 6M CSA
2900026;TB ACU 3 UM RDE32.5 125PSI 6M
2900027;TB ACU 3 UM RDE32.5 125PSI 6M CSA
2900028;TB ACU 3 UM RDE41 100PSI 6M
2900029;TB ACU 3 UM RDE41 100PSI6M PVC CSA (BLQ)
2900030;TB ACU 3 UM RDE51 6M
2900031;TB ACU 3 UM RDE51 6M PVC CSA (BLQ)
2900032;TB ACU 4 UM RDE13.5 315PSI 6M
2900033;TB ACU 4 UM RDE21 200PSI 6M
2900034;TB ACU 4 UM RDE21 200PSI 6M CSA
2900035;TB ACU 4 UM RDE26 160PSI 6M
2900036;TB ACU 4 UM RDE26 160PSI 6M CSA
2900037;TB ACU 4 UM RDE32.5 125PSI 6M
2900038;TB ACU 4 UM RDE32.5 125PSI 6M CSA
2900039;TB ACU 4 UM RDE41 100PSI 6M
2900040;TB ACU 4 UM RDE41 100PSI 6M PVCCSA (BLQ)
2900041;TB ACU 4 UM RDE51 6M
2900042;TB ACU 4 UM RDE51 6M PVC CSA (BLQ)
2900043;TB ACU 6 UM RDE21 200PSI 6M
2900044;TB ACU 6 UM RDE21 200PSI 6M CSA
2900045;TB ACU 6 UM RDE26 160PSI 6M
2900046;TB ACU 6 UM RDE26 160PSI 6M CSA
2900047;TB ACU 6 UM RDE32.5 125PSI 6M
2900048;TB ACU 6 UM RDE32.5 125PSI 6M CSA
2900049;TB ACU 6 UM RDE41 100PSI 6M
2900050;TB ACU 6 UM RDE41 100PSI6M PVC CSA (BLQ)
2900051;TB ACU 6 UM RDE51 6M
2900052;TB ACU 6 UM RDE51 6M PVC CSA (BLQ)
2900053;TB ACU 8 UM RDE13.5 315PSI 6M
2900054;TB ACU 8 UM RDE21 200PSI 6M
2900055;TB ACU 8 UM RDE21 200PSI 6M CSA
2900056;TB ACU 8 UM RDE26 160PSI 6M (BLQ)
2900057;TB ACU 8 UM RDE26 160PSI 6M CSA (BLQ)
2900058;TB ACU 8 UM RDE32.5 125PSI 6M (BLQ)
2900059;TB ACU 8 UM RDE32.5 125PSI6MPVCCSA (BLQ)
2900060;TB ACU 8 UM RDE41 100PSI 6M
2900061;TB ACU 8 UM RDE41 100PSI 6M PVCCSA (BLQ)
2900062;TB ACU 8 UM RDE51 6M
2900063;TB ACU 8 UM RDE51 6M PVC CSA (BLQ)
2900064;TB ALC DURAFORT 250MM(10) 5.5M CSA (BLQ)
2900065;TB ALC DURAFORT 250MM(10) 6M CSA
2900066;TB ALC DURAFORT 315MM(12) 5.5M CSA (BLQ)
2900067;TB ALC DURAFORT 315MM(12) 6M CSA
2900068;TB ALC DURAFORT 400MM(16) 5.5M CSA (BLQ)
2900069;TB ALC DURAFORT 400MM(16) 6M CSA
2900070;TB ALC DURAFORT 450MM(18) 5.5M CSA (BLQ)
2900071;TB ALC DURAFORT 450MM(18) 6M CSA
2900072;TB ALC DURAFORT 500MM(20) 5.5M CSA (BLQ)
2900073;TB ALC DURAFORT 500MM(20) 6M CSA
2900074;TB ALC DURAFORT 110MM(4) 5.5M CSA (BLQ)
2900075;TB ALC DURAFORT 110MM(4) 6M CSA
2900076;TB ALC DURAFORT 160MM(6) 5.5M CSA (BLQ)
2900077;TB ALC DURAFORT 160MM(6) 6M CSA
2900078;TB ALC DURAFORT 200MM(8) 5.5M CSA (BLQ)
2900079;TB ALC DURAFORT 200MM(8) 6M CSA
2900080;TB ALC NOVAFORT S8 250MM(10) 5.5M (BLQ)
2900081;TB ALC NOVAFORT S8 250MM(10) 6M
2900082;TB ALC NOVAFORT S8 315MM(12) 5.5M (BLQ)
2900083;TB ALC NOVAFORT S8 315MM(12) 6M
2900084;TB ALC NOVAFORT S8 400MM(16) 5.5M (BLQ)
2900085;TB ALC NOVAFORT S8 400MM(16) 6M
2900086;TB ALC NOVAFORT S8 450MM(18) 5.5M (BLQ)
2900087;TB ALC NOVAFORT S8 450MM(18) 6M
2900088;TB ALC NOVAFORT S8 500MM(20) 5.5M (BLQ)
2900089;TB ALC NOVAFORT S8 500MM(20) 6M
2900090;TB ALC NOVAFORT S8 110MM(4) 6M
2900091;TB ALC NOVAFORT S8 160MM(6) 5.5M (BLQ)
2900092;TB ALC NOVAFORT S8 160MM(6) 6M
2900093;TB ALC NOVAFORT S8 200MM(8) 5.5M (BLQ)
2900094;TB ALC NOVAFORT S8 200MM(8) 6M
2900095;TB ALC NOVAFORT S4 250MM(10) 5.5M (BLQ)
2900096;TB ALC NOVAFORT S4 250MM(10) 6M
2900097;TB ALC NOVAFORT S4 315MM(12) 5.5M
2900098;TB DUCTO TDP 4X6M VDE PLASTIMEC (BLQ)
2900099;TB ALC NOVAFORT S4 160MM(6) 5.5M
2900100;TB ALC NOVAFORT S4 160MM(6) 6M
2900101;TB ALC NOVAFORT S4 200MM(8) 5.5M
2900102;TB ALC NOVAFORT S4 200MM(8) 6M
2900103;TB BAJANTE RAINGO 60MM - 10 UN
2900104;TB BAJANTE 60MM CSA - 10 UN
2900105;TB BIAX 10 6M PR200
2900106;TB BIAX 10 6M PR160
2900107;TB BIAX 12 6M PR200
2900108;TB BIAX 12 6M PR160
2900109;TB BIAX 4 6M PR200
2900110;TB BIAX 4 6M PR160
2900111;TB BIAX 6 6M PR200
2900112;TB BIAX 6 6M PR160
2900113;TB BIAX 8 6M PR200
2900114;TB BIAX 8 6M PR160
2900115;TB CANAL AMAZONAS 3M - 4 UN
2900116;TB CANAL CSA C 90-AM - 4 UN
2900117;TB CANAL RAINGO 3M - 10 UN
2900118;TB CONDUIT CORR 3/4 BCO CONDUF 50M (BLQ)
2900119;TB CONDUIT CORR 1/2 VDE CONDUFLEX 50M
2900120;TB CONDUIT CORR 1/2 BCO CONDUF 50M (BLQ)
2900121;TB CONDUIT CORR 3/4 VDE CONDUFLEX 50M
2900122;TB CONDUIT FLEXIBLE 1/2 VDECSA 50M (BLQ)
2900123;TB CONDUIT FLEXIBLE 3/4 VDECSA 50M (BLQ)
2900124;TB CONDUIT LISO 1 BCO - 24 UN (BLQ)
2900125;TB CONDUIT LISO 1 3M - 24 UN
2900126;TB CONDUIT LISO 1 3M VDE CSA - 24 UN
2900127;TB CONDUIT LISO 1 3M VDELACSA-24UN (BLQ)
2900128;TB CONDUIT LISO 1.1/2 3M - 10 UN
2900129;TB CONDUIT LISO 1.1/2 3M VDE CSA-10 UN
2900130;TB CONDUIT LISO 1.1/4 3M - 14 UN
2900131;TB CONDUIT LISO 1.1/4 3M VDE CSA - 14 UN
2900132;TB CONDUIT LISO 1/2 BCO - 24 UN (BLQ)
2900133;TB CONDUIT LISO 1/2 3M - 24 UN
2900134;TB CONDUIT LISO 1/2 3M VDE CSA-24 UN
2900135;TB CONDUIT LISO 2 3M
2900136;TB CONDUIT LISO 2 3M CSA
2900137;TB CONDUIT LISO 3/4 BCO - 24 UN (BLQ)
2900138;TB CONDUIT LISO 3/4 3M - 24 UN
2900139;TB CONDUIT LISO 3/4 3M VDE CSA-24 UN
2900140;TB DRE CORRUG 100MM 50M
2900141;TB DRE CORRUG 100MM NO PERF (BLQ)
2900142;TB DRE CORRUG 65MM NO PERF (BLQ)
2900143;TB DRE CORRUG 65MM 150M
2900144;TB DRE CORRUG 65MM 150M C/FILTRO
2900145;TB DRE CORRUG 65MM 5M CARRETERA
2900146;TB DRE CORRUG 100MM 100M
2900147;TB DRE CORRUG 100MM 100M C/FILTRO
2900148;TB DRE CORRUG 100MM 5M CARRETERA
2900149;TB DRE CORRUG 160MM 5M CARRETERA
2900150;TB DRE CORRUG 160MM 50M
2900151;TB DRE CORRUG 160MM 50M C/FILTRO
2900152;TB DRE CORRUG 200MM 35M
2900153;TB DRE CORRUG 200MM 35M C/FILTRO
2900154;TB DRE CORRUG 200MM 5M CARRETERA
2900155;TB DUCTO DB 3X3M CSA
2900156;TB DUCTO DB 2X3M
2900157;TB DUCTO DB 2X3M CSA
2900158;TB DUCTO DB 2X6M
2900159;TB DUCTO DB 2X6M CSA
2900160;TB DUCTO DB 3X3M
2900161;TB DUCTO DB 3X6M
2900162;TB DUCTO DB 3X6M CSA
2900163;TB DUCTO DB 4X3M (BLQ)
2900164;TB DUCTO DB 4X6M
2900165;TB DUCTO DB 4X6M CSA
2900166;TB DUCTO DB 6X6M
2900167;TB DUCTO DB 6X6M CSA
2900168;TB DUCTO EB 3X3M (BLQ)
2900169;TB DUCTO EB 3X6M
2900170;TB DUCTO EB 3X6M PVC VDE CSA (BLQ)
2900171;TB DUCTO EB 4X6M
2900172;TB DUCTO EB 4X6M PVC VDE CSA (BLQ)
2900173;TB DUCTO EB 6X6M
2900174;TB DUCTO EB 6X6M PVC VDE CSA (BLQ)
2900175;TB DUCTO TDP 3X6M CSA
2900176;TB DUCTO TDP 3X6M VDE
2900177;TB DUCTO TDP 4X6M CSA
2900178;TB DUCTO TDP 4X6M VDE
2900179;TB DUCTO TDP 6X6M CSA
2900180;TB DUCTO TDP 6X6M VDE
2900181;TB CONDUIT CORR 1 VDE CONDUFLEX 50M
2900182;TB CONDUIT CORR 1.1/4 VDE CONDUFLEX 50M
2900183;TB RIEGO NOVARIEGO 160MM(6) 6M
2900186;TB GAS 1/2 BCO CONDUGAS
2900205;TB LISO 1 ULTRATEMP RDE11 3M-24 UN (BLQ)
2900206;TB LISO 1/2ULTRATEMPRDE11 3M-48 UN (BLQ)
2900207;TB LISO 1/2 DURATRDE11 3MCSA-48 UN (BLQ)
2900208;TB LISO 3/4 ULTRATEM RDE11 3M-24UN (BLQ)
2900209;TB LISO 3/4 DURATERDE11 3MCSA-24UN (BLQ)
2900210;TB LISO PRE 3/4 RDE11 6M - 24 UN
2900211;TB LISO PRE 3/4 RDE11 6M CSA - 24 UN
2900212;TB LISO 3/4 RDE11 GRIS CURVAS-24UN (BLQ)
2900213;TB LISO PRE 1 RDE13.5 6M - 24 UN
2900214;TB LISO PRE 1 RDE13.5 6M CSA - 24 UN
2900215;TB LISO PRE 1/2 RDE13.5 5M - 24 UN (BLQ)
2900217;TB LISO PRE 1/2 RDE13.5 6M CSA-24 UN
2900218;TB LISO PRE 3 RDE26 TEXTIL 2.12 ML (BLQ)
2900219;TB LISO PRE 1 RDE21 5M - 24 UN (BLQ)
2900220;TB LISO PRE 1 RDE21 6M - 24 UN
2900221;TB LISO PRE 1 RDE21 6M CSA - 24 UN
2900222;TB LISO PRE 1.1/2 RDE21 5M (BLQ)
2900223;TB LISO PRE 1.1/2 RDE21 6M CSA
2900224;TB LISO PRE 1.1/4 RDE21 5M - 24 UN (BLQ)
2900225;TB LISO PRE 1.1/4 RDE21 6M - 24 UN
2900226;TB LISO PRE 1.1/4 RDE21 6M CSA-24 UN
2900227;TB LISO PRE 2 RDE21 5M (BLQ)
2900228;TB LISO PRE 2 RDE21 6M CSA
2900229;TB LISO PRE 2.1/2 RDE21 5M (BLQ)
2900230;TB LISO PRE 2.1/2 RDE21 6M
2900231;TB LISO PRE 2.1/2 PVC RDE21 6M CSA (BLQ)
2900232;TB LISO PRE 3 RDE21 5M (BLQ)
2900233;TB LISO PRE 3 RDE21 6M
2900234;TB LISO PRE 3 RDE21 6M CSA
2900235;TB LISO PRE 3/4 RDE21 5M - 24 UN (BLQ)
2900236;TB ACU 2 UM RDE17 250PSI 6M (BLQ)
2900237;TB LISO PRE 3/4 RDE21 6M - 24 UN
2900238;TB LISO PRE 3/4 RDE21 6M CSA - 24 UN
2900239;TB LISO PRE 4 RDE21 5M (BLQ)
2900240;TB LISO PRE 4 RDE21 6M
2900241;TB LISO PRE 4 RDE21 6M CSA
2900242;TB RIEGO 1 RDE26 6M - 24 UN
2900243;TB LISOPRE 1 PVCRDE26 6M CSA-24 UN (BLQ)
2900244;TB RIEGO 1.1/2 RDE26 6M
2900245;TB NOVADUCTO 110 MM(4) 5.8M BCO (BLQ)
2900246;TB LISO PRE 2 RDE26 6M
2900247;TB LISO PRE 2 RDE26 6M CSA
2900248;TB LISO PRE 2.1/2 RDE26 6M (BLQ)
2900249;TB LISO PRE 2.1/2 PVC RDE26 6M CSA (BLQ)
2900250;TB LISO PRE 3 EXC RDE26 5M (BLQ)
2900251;TB LISO PRE 3 RDE26 6M
2900252;TB LISO PRE 3 PVC RDE26 6M CSA (BLQ)
2900253;TB RIEGO 3/4 PVC RDE26 CSA - 24 UN (BLQ)
2900254;TB LISO PRE 4 RDE26 6M (BLQ)
2900255;TB LISO PRE 4 PVC RDE26 6M CSA (BLQ)
2900256;TB LISO PRE 3 RDE32.5 6M (BLQ)
2900257;TB LISO PRE 3 PVC RDE32.5 6M CSA (BLQ)
2900258;TB LISO PRE 4 RDE32.5 6M (BLQ)
2900259;TB LISO PRE 4 PVC RDE32.5 6M CSA (BLQ)
2900260;TB LISO PRE 3 RDE41 6M (BLQ)
2900261;TB LISO PRE 4 RDE41 6M (BLQ)
2900263;TB SAN 1.1/2 5.8M
2900265;TB LISO PRE 1/2 RDE9 PPAC 3ML - 6UN
2900266;TB LISO PRE 1/2 RDE9 6M - 24 UN
2900267;TB LISO PRE 1/2 RDE9 6M CSA - 24 UN
2900268;TB LISO 1/2 RDE9 GRIS CURVAS-24 UN (BLQ)
2900270;TB LISO PRE 1/2 RDE9 RALCO 6M-15UN (BLQ)
2900271;TB LISO PRE 1/2 RDE13.5RALC6M-25UN (BLQ)
2900272;TB LISO PRE 3/4 RDE11 RALCO6M-15UN (BLQ)
2900273;TB LISO PRE 3/4 RDE21 RALCO6M-15UN (BLQ)
2900274;TB LISO PRE 1 RDE13.5 RALCO6M-15UN (BLQ)
2900275;TB LISO PRE 1 RDE21 RALCO6M-15UN (BLQ)
2900276;TB LISO PRE 1.1/4 RDE21 RALCO 6M (BLQ)
2900277;TB LISO PRE 1.1/2 RDE21 RALCO 6M (BLQ)
2900278;TB LISO PRE 2 RDE21 RALCO 6M (BLQ)
2900279;TB SAN 1.1/2 RALCO 6M (BLQ)
2900280;TB SAN 6 RALCO 6M (BLQ)
2900303;TB POZO PROF 2 RDE17 (BLQ)
2900304;TB POZO PROF 3 RDE17 (BLQ)
2900305;TB POZO PROF 4 RDE17 (BLQ)
2900306;TB POZO PROF 4 RDE21 (BLQ)
2900307;TB POZO PROF 6 RDE17 (BLQ)
2900308;TB POZO PROF 6 RDE21 (BLQ)
2900309;TB POZO PROF 8 RDE17 (BLQ)
2900310;TB POZO PROF 8 RDE21 (BLQ)
2900311;TB RIEGO NOVARIEGO 250MM(10) 6M
2900312;TB RIEGO NOVARIEGO 250MM(10) 5.5M (BLQ)
2900313;TB RIEGO NOVARIEGO 315MM(12) 6M
2900314;TB RIEGO NOVARIEGO 400MM(16) 6M
2900315;TB RIEGO NOVARIEGO 450MM(18) 6M
2900316;TB RIEGO NOVARIEGO 500MM(20) 6M (BLQ)
2900317;TB RIEGO NOVARIEGO 200MM(8) 6M
2900318;TB SAN 1.1/2 5M (BLQ)
2900319;TB SAN 1.1/2 6M
2900320;TB SAN 1.1/2 6M CSA
2900321;TB SAN 2 5M (BLQ)
2900322;TB SAN 2 6M LINEA DURATEC CSA
2900323;TB SAN 2 6M LINEA NOVATEC
2900324;TB SAN 2 6M CSA
2900325;TB SAN 3 6M LINEA DURATEC CSA
2900326;TB SAN 3 6M LINEA NOVATEC
2900327;TB SAN 3 6M CSA
2900328;TB SAN 4 5M (BLQ)
2900329;TB SAN 4 6M LINEA DURATEC CSA
2900330;TB SAN 4 6M LINEA NOVATEC
2900331;TB SAN 4 6M
2900332;TB SAN 4 6M CSA
2900333;TB SAN 6 5M (BLQ)
2900334;TB SAN 6 6M LINEA DURATEC CSA
2900335;TB SAN 6 6M LINEA NOVATEC
2900336;TB SAN 6 6M
2900337;TB SAN 6 6M CSA
2900338;TB VENT 1.1/2 6M
2900339;TB VENT 1.1/2 6M NARANJA CSA
2900340;TB VENT 2 5M (BLQ)
2900341;TB VENT 2 6M
2900342;TB VENT 2 6M NARANJA CSA
2900343;TB VENT 3 5M (BLQ)
2900344;TB VENT 3 6M
2900345;TB VENT 3 6M NARANJA CSA
2900346;TB VENT 4 5M (BLQ)
2900347;TB VENT 4 6M
2900348;TB VENT 4 6M NARANJA CSA
2900349;TB ALC NOVAFORT S8 200MM(8) 5.8M
2900350;TB SAN 4 6M NE NEGRA (BLQ)
2900351;TB SAN 6 6M NE NEGRA (BLQ)
2900355;TB LISO PRE 3 RDE11 6M (BLQ)
2900356;TB LISO PRE 4 RDE11 6M
2900357;TB ACU 3 UM RDE13.5
2900358;TB ACU 6 UM RDE13.5
2900359;TB LISO PRE 3 RDE9 6M (BLQ)
2900360;TB ALC NOVAFORT S8 110MM(4) 5.5M (BLQ)
2900361;TB ALC NOVAFORT S8 160MM(6) 5.8M
2900363;TB SAN 2 5M LINEA NOVATEC (BLQ)
2900364;TB SAN 3 5M LINEA NOVATEC (BLQ)
2900365;TB SAN 4 5M LINEA NOVATEC (BLQ)
2900366;TB ACU 4 UM RDE17
2900367;TB ACU 3 UM RDE13.5 CSA (BLQ)
2900368;TB LISO PRE 1.1/2 RDE21 3M
2900369;TB VENT 3 3M
2900370;TB VENT 4 3M
2900371;TB LISO PRE 1/2 RDE9 3M - 24 UN
2900372;TB LISO PRE 1/2 RDE13.5 3M - 24 UN
2900373;TB LISO PRE 3/4 RDE11 3M - 24 UN
2900374;TB LISO PRE 3/4 RDE21 3M - 24 UN
2900375;TB LISO PRE 1 RDE13.5 3M - 24 UN
2900376;TB VENT 2 3M
2900377;TB LISO PRE 1.1/4 RDE21 3M - 24 UN
2900378;TB LISO PRE 2 RDE21 3M
2900379;TB LISO PRE 2.1/2 RDE21 3M (BLQ)
2900380;TB LISO PRE 1 RDE21 3M - 24 UN
2900381;TB SAN 3 3M
2900382;TB SAN 2 3M
2900383;TB SAN 4 3M
2900384;TB SAN 1.1/2 3M
2900385;TB SAN 6 3M LINEA NOVATEC (BLQ)
2900386;TB SAN 4 3M LINEA NOVATEC (BLQ)
2900387;TB SAN 3 3M LINEA NOVATEC (BLQ)
2900388;TB VENT 1.1/2 3M
2900389;TB SAN 2 3M LINEA NOVATEC (BLQ)
2900390;TB RIEGO NOVARIEGO 315MM(12) 5.8M (BLQ)
2900391;TB BIAX 12 5.5M PR200 (BLQ)
2900392;TB BIAX 12 5.5M PR160 (BLQ)
2900393;TB CONDUIT FLEXIBLE 1/2 GRIS CSA 30.5M
2900394;B CONDUIT FLEXIBLE 3/4 GRIS CSA 30.5M
2900395;TB LISO PRE 4 RDE9 6M
2900396;TB BIAX 4 5.5M PR160
2900397;TB BIAX 4 5.5M PR200 (BLQ)
2900398;TB BIAX 6 5.5M PR160
2900399;TB BIAX 6 5.5M PR200 (BLQ)
2900400;TB BIAX 8 5.5M PR160 (BLQ)
2900401;TB BIAX 8 5.5M PR200 (BLQ)
2900402;TB BIAX 10 5.5M PR160 (BLQ)
2900403;TB BIAX 10 5.5M PR200 (BLQ)
2900404;TB CONDUIT LISO 1/2 PPAC - 10UN
2900405;TB LISO PRE 1/2 PVC RDE9 3M CSA (BLQ)
2900406;TB SAN 2 3M PVC AMAR CSA (BLQ)
2900407;TB TDP MP 600MM(24) 6.5M (BLQ)
2900408;TB TDP MP 700MM(27) 6.5M (BLQ)
2900409;TB TDP MP 800MM(30) 6.5M (BLQ)
2900410;TB CONDUIT FLEXIBLE 1 GRIS CSA 30.5M
2900411;TB LISO PRE 4 RDE41 5M (BLQ)
2900412;TB CONDUIT CORR 1/2 GRISCONDUF 50M (BLQ)
2900415;TB CONDUITCORR3/4VDEEASYCONDUF 50M (BLQ)
2900416;TBCONDUITCORR1VDEEASYCONDUFLEX 50M (BLQ)
2900417;TB CONDUITCOR1.1/4VDEEASYCONDUF50M (BLQ)
2900418;TB CONDUIT CORR1/2AZULCONDUFLEX50M (BLQ)
2900419;TB DRE CORRUG 65MM 50M
2900420;TB SAN 8 6M
2900421;TB SAN 10 6M
2900422;TB LISO 1 ULTRATEMP RDE11 9M (BLQ)
2900423;TB LISO 1/2 ULTRATEMPRDE11 6M-24UN (BLQ)
2900427;TB ACU 6 RDE9 EL (BLQ)
2900428;TB ALC NOVAFORT S8 160MM(6) 5M (BLQ)
2900429;TB ALC NOVAFORT S4 200MM(8) 6M BCO (BLQ)
2900430;TB CONDUIT FLEXIBL 1/2 BCO CSA 50M (BLQ)
2900432;TB ALC NOVAFORT S8 400MM(16) 6MBCO (BLQ)
2900433;TB LISO PRE 3 RDE11 CSA (BLQ)
2900442;TB ACU 6 UZ RDE17 6M
2900443;TB ACU 8 UZ RDE17 6M (BLQ)
2900444;TB PRE 4 ELSINROTULORDE213.01M CSA (BLQ)
2900445;TB ACU 6 EL RDE11 6M
2900446;TB CONDUITCORR1/2VDEPPACCONDUF 50M (BLQ)
2900447;TB RIEGO NOVARIEGO 160MM(6) 5.5M (BLQ)
2900448;TB RIEGO NOVARIEGO 400MM(16) 5.5M (BLQ)
2900449;TB RIEGO NOVARIEGO 450MM(18) 5.8M (BLQ)
2900450;TB RIEGO NOVARIEGO 500MM(20) 5.5M (BLQ)
2900451;TB RIEGO NOVARIEGO 200MM(8) 5.5M (BLQ)
2900452;TB ACU 8 UZ RDE64 6M (BLQ)
2900453;UNIONALCC4DAL600MM(24)DURAFOR- CSA (BLQ)
2900454;UNIONALCC4DAL700MM(27)DURAFOR- CSA (BLQ)
2900455;UNIONALCC4DAL800MM(30)DURAFOR- CSA (BLQ)
2900456;TB DUCTO DB 3X5M (BLQ)
2900457;TB RIEGO NOVARIEG S4 600MM(24)6.5M (BLQ)
2900458;TB DUCTO DB 2X5M
2900459;TB DUCTO DB 4X5M
2900460;TB ACU 2 UM RDE21 200PSI 5M
2900461;TB LISO PRE 8 RDE9 6M (BLQ)
2900462;TB LISO PRE 8 RDE11 6M (BLQ)
2900463;TB ACU 2 UM RDE21 200PSI 5M PVCCSA (BLQ)
2900464;TB LISO PRE 3 RDE26 TEXTIL 3.50ML (BLQ)
2900465;TB LISO PRE 3 RDE26 TEXTIL 3.80 ML (BLQ)
2900466;TB LISO PRE 3 RDE26 TEXTIL 3.98ML
2900467;TB LISO PRE 3 RDE26 TEXTIL 3.90ML
2900468;TB LISO PRE 4 RDE32.5 TEXTIL 6.90 ML
2900469;TB LISO PRE 4 RDE32.5 TEXTI 3.95ML (BLQ)
2900470;TB SAN 3 3M PVC AMAR CSA (BLQ)
2900471;TB SAN 4 3M PVC AMAR CSA (BLQ)
2900473;TB BIAX 6 5M PR200 (BLQ)
2900474;TB LISO PRE 4 RDE26 5M (BLQ)
2900475;TB LISO PRE 2 RDE26 5M (BLQ)
2900479;TB BIAX 6 5M PR160 (BLQ)
2900480;TB BIAX 8 5M PR160 (BLQ)
2900481;TB LISO PRE 4 RDE21 TEXTIL 3.95ML (BLQ)
2900482;TB ALC DURAFORT C4 200MM(8) 6M CSA
2900483;TB BIAX 12 5M PR160 (BLQ)
2900484;TB LISO PRE 1.1/4 RDE17 6M (BLQ)
2900485;TB LISO PRE 1.1/2 RDE17 6M (BLQ)
2900488;TB CANAL CSA C 30-RA - 10 UN
2900489;TB LISO PRE 1/2 RDE9 EASY-8X3M - 8 UN
2900490;TB CONDUIT 1/2 EASY-12X3M - 12 UN (BLQ)
2900499;TB ELECTRODUCTO DB 3X6M (BLQ)
2900500;TB ELECTRODUCTO DB 4X6M (BLQ)
2900501;TB ELECTRODUCTO EB 3X6M (BLQ)
2900502;TB ELECTRODUCTO EB 4X6M (BLQ)
2900504;TB ALC NOVAFORT S4 747MM(30) 5.8M
2900505;TB LISO RIEGO 1.1/2 RDE32.5 6M (BLQ)
2900506;TB ALC DURAFOR C4 DAL 823MM(33) 6.5M CSA
2900507;TB ALC DURAFOR C4 DAL 898MM(36) 6.5M CSA
2900508;TB CONDUITCORR1/2VDEEASYCONDUF 50M (BLQ)
2900510;TB ALC NOVAF S4PLUS 600MM(24) 6.5M (BLQ)
2900511;TB ALC NOVAFORT S4 PLUS 670MM(27) 6.5M
2900512;TB ALC NOVAF S4 PLUS 800MM(30)6.5M (BLQ)
2900513;TB ALC DURAF C4DAL600MM(24)6.5MCSA (BLQ)
2900514;TB ALC DURAFOR C4 DAL 670MM(27) 6.5M CSA
2900515;TBALC DURAF C4DAL 747MM(30)6.5MCSA (BLQ)
2900516;UNION ALC S4PLUS 600MM(24) NOVAFOR (BLQ)
2900517;UNION ALC S4 PLUS 670MM(27) NOVAFORT
2900518;UNION ALC S4 747MM(30) NOVAFORT
2900519;TB BIAX ISO 110MM 6M PN8 (BLQ)
2900520;TB BIAX ISO 160MM 6M PN8 (BLQ)
2900521;TB BIAX ISO 200MM 6M PN8 (BLQ)
2900522;TB BIAX ISO 200MM 6M PN10 (BLQ)
2900523;TB BIAX 14 6M PR160
2900524;TB BIAX 14 6M PR200
2900525;TB LISO 1/2 ULTRAT RDE11 3MCB-48UN (BLQ)
2900526;TB LISO 3/4 ULTRAT RDE11 3MCB-24UN (BLQ)
2900531;TB LISO PRE 1/2 RDE9 1M - 48UN
2900532;TB LISO 1/2 ULTRATEMPRDE11 1M-48UN (BLQ)
2900533;TB LISO 3/4 ULTRATEMPRDE11 1M-48UN (BLQ)
2900534;TB SAN BIORIENTADA 4 6M (BLQ)
2900535;TB SAN BIORIENTADA 6 6M (BLQ)
2900536;TB SAN BIORIENTADA 8 6M (BLQ)
2900537;TB SAN BIORIENTADA 10 6M (BLQ)
2900538;TB LISO 1 ULTRAT RDE11 3MCB-24 UN (BLQ)
2900557;TB LISO 1.1/2 ENTREPISO NEGRO 3M (BLQ)
2900574;TB PROC 5M C-D 100MM
2900575;TB PROC 5M C-D 160MM
2900576;TB PROC 5M C-D 200MM
2900577;TB PROC 5M C-D 65MM
2900578;TB PROC 5M RDE 13.5 3 (BLQ)
2900579;TB PROC 5M RDE 13.5 4 (BLQ)
2900580;TB PROC 5M RDE 13.5 6 (BLQ)
2900581;TB PROC 5.44M RDE13.5 8 (BLQ)
2900582;TB PROC SAN BCO 6 5ML (BLQ)
2900583;TB PROC CONDUIT 3.28M CVA 1
2900584;TB PROC CONDUIT 3.05M CVA 1.1/2
2900585;TB PROC CONDUIT 3.05M CVA 1.1/4
2900586;TB PROC CONDUIT 3.2M CVA 1/2
2900587;TB PROC CONDUIT 3.2M CVA 2
2900588;TB PROC CONDUIT 3.15M CVA 3/4
2900589;TB PROC FILT 3M RDE21 2 (BLQ)
2900590;TB PROC FILT 3M RDE21 4 (BLQ)
2900591;TB PROC FILT 3M RDE21 6 (BLQ)
2900592;TB PROC FILT 3M RDE21 8 (BLQ)
2900593;TB PROC 2 6.40ML
2900594;TB PROC 2.1/2 6.11ML
2900595;TB PROC 3 6.20ML
2900596;TB PROC 4 6.43ML
2900597;TB PROC 6 6.62ML
2900598;TB PROC 8 5.44ML
2900599;TB PROC TOPE NOVALOC 1 5.85M RDE13.5
2900600;TB PROC TOPE 1M NOVALOC 3/4 (BLQ)
2900603;TB PROC FILT 3M RDE21 3 (BLQ)
2900605;PERF ALC NOVALOC 2115
2900606;PERF ALC NOVALOC 2715 (BLQ)
2900607;PERF ALC NOVALOC 3310
2900608;PERF ALC NOVALOC 3910 (BLQ)
2900609;PERF ALC NOVALOC 8004
2900610;PERF ALC NOVALOC 10004 (BLQ)
2900611;SOLDADURA PVC 4MM BARRA NOVALOC
2900612;PERF ALC NOVALOC 6010
2902399;TB ACU 16 UM RDE21 6M CSA (BLQ)
2902400;TB ACU 18 UM RDE21 6M CSA (BLQ)
2902401;TB ACU 14 UM RDE26 6M CSA (BLQ)
2902402;TB ACU 16 UM RDE26 6M CSA (BLQ)
2902403;TB ACU 18 UM RDE26 6M CSA (BLQ)
2902404;TB ACU 14 UM RDE32.5 6M CSA (BLQ)
2902405;TB ACU 16 UM RDE32.5 6M CSA (BLQ)
2902406;TB ACU 18 UM RDE32.5 6M CSA (BLQ)
2902407;TB ACU 14 UM RDE41 6M CSA (BLQ)
2902408;TB ACU 16 UM RDE41 6M CSA (BLQ)
2902409;TB ACU 18 UM RDE41 6M CSA (BLQ)
2902410;TB ACU 20 UM RDE41 6M CSA (BLQ)
2902411;TB ACU 10 UM RDE21 200PSI 6M
2902412;TB ACU 10 UM RDE21 200PSI 6M CSA
2902413;TB ACU 10 UM RDE26 160PSI 6M (BLQ)
2902414;TB ACU 10 UM RDE26 160PSI 6M CSA
2902415;TB ACU 10 UM RDE32.5 125PSI 6M
2902416;TB ACU 10 UM RDE32.5 125PSI 6M CSA (BLQ)
2902417;TB ACU 10 UM RDE41 100PSI 6M
2902418;TB ACU 10 UM RDE41 100PSI6M PVCCSA (BLQ)
2902419;TB ACU 10 UM RDE51 6M
2902420;TB ACU 10 UM RDE51 6M PVC CSA (BLQ)
2902421;TB ACU 12 UM RDE21 200PSI 6M
2902422;TB ACU 12 UM RDE21 200PSI 6M CSA (BLQ)
2902423;TB ACU 12 UM RDE26 160PSI 6M
2902424;TB ACU 12 UM RDE26 160PSI 6M CSA (BLQ)
2902425;TB ACU 12 UM RDE32.5 125PSI 6M (BLQ)
2902426;TB ACU 12 UMRDE32.5 125PSI6MPVCCSA (BLQ)
2902427;TB ACU 12 UM RDE41 100PSI 6M
2902428;TB ACU 12 UM RDE41 100PSI6M PVCCSA (BLQ)
2902429;TB ACU 12 UM RDE51 6M
2902430;TB ACU 12 UM RDE51 6M PVC CSA (BLQ)
2902431;TB ACU 14 UM RDE21 200PSI 6M
2902432;TB ACU 14 UM RDE26 160PSI 6M (BLQ)
2902433;TB ACU 14 UM RDE32.5 125PSI 6M (BLQ)
2902434;TB ACU 14 UM RDE41 100PSI 6M
2902435;TB ACU 16 UM RDE21 200PSI 6M
2902436;TB ACU 16 UM RDE26 160PSI 6M (BLQ)
2902437;TB ACU 16 UM RDE32.5 125PSI 6M (BLQ)
2902438;TB ACU 16 UM RDE41 100PSI 6M (BLQ)
2902439;TB ACU 18 UM RDE21 200PSI 6M
2902440;TB ACU 18 UM RDE26 160PSI 6M (BLQ)
2902441;TB ACU 18 UM RDE32.5 125PSI 6M (BLQ)
2902442;TB ACU 18 UM RDE41 100PSI 6M
2902443;TB ACU 20 UM RDE21 200PSI 6M
2902444;TB ACU 20 UM RDE26 160PSI 6M (BLQ)
2902445;TB ACU 20 UM RDE41 100PSI 6M (BLQ)
2902446;TB DUCTO TELECOMUN 1/2 3M VDE-24UN (BLQ)
2902447;TB DUCTO TELECOMUN 3/4 3M VDE-24UN (BLQ)
2902448;TB LISO PRE 1/2 6M LA CSA - 24 UN
2902449;TB LISO PRE 1/2 RDE13.5 6M - 24 UN
2902450;TB LISO PRE 1.1/2 RDE21 6M
2902451;TB RIEGO 1/2 RDE21 6M - 24 UN
2902452;TB RIEGO 1/2 RDE21 CSA - 24 UN (BLQ)
2902453;TB LISO PRE 2 RDE21 6M
2902454;TB RIEGO 1 CAMP RDE26 6M - 24 UN
2902455;TB LISO PRE 1.1/2 PVC RDE26 6M CSA (BLQ)
2902456;TB LISOPRE1.1/4PVCRDE26 6MCSA-24UN (BLQ)
2902457;TB RIEGO 3/4 RDE26 6M - 24 UN
2902460;TB RIEGO MOVIL 1.1/2 RDE26 EL 9M (BLQ)
2902461;TB RIEGO MOVIL 2.1/2 RDE26 EL 9M (BLQ)
2902462;TB RIEGO MOVIL 4 RDE41 EL 9M (BLQ)
2902463;TB SAN 1.1/2 5M LINEA AZUL CSA (BLQ)
2902464;TB SAN 1.1/2 6M LINEA AZUL CSA
2902465;TB SAN 2 5M LINEA AZUL CSA (BLQ)
2902466;TB SAN 2 6M LINEA AZUL CSA
2902467;TB SAN 3 5M LINEA AZUL CSA (BLQ)
2902468;TB SAN 3 6M LINEA AZUL CSA
2902469;TB SAN 4 5M LINEA AZUL CSA (BLQ)
2902470;TB SAN 4 6M LINEA AZUL CSA
2902471;TB RIEGO 1/2 CAMP RDE21 6M - 24 UN
2902472;TB ACU 4 UM RDE26 160PSI 5.8M CSA (BLQ)
2902473;TB ACU 6 UM RDE26 160PSI 5.8M CSA (BLQ)
2902474;TB LISO PRE 1/2 EXCPVCSCH405.8MCSA (BLQ)
2902475;TB ACU 2 UM RDE13.5 6M
2902476;TB ACU 2.1/2 UM RDE13.5 6M (BLQ)
2902477;TB 4 CAFE 6M CSA
2902478;TB ALC DURAFORT C8 355MM(14) 6M CSA
2902479;TB ALC NOVAFORT S4PLUS400MM(16) 6M (BLQ)
2902480;TB ALC NOVAFOR S4 PLUS 200MM(8) 6M (BLQ)
2902481;TB ALC NOVAFORT S4PLUS250MM(10) 6M (BLQ)
2902482;TB ALC NOVAFORT S4PLUS315MM(12) 6M (BLQ)
2902483;TB ACU 14 RDE13.5 EL 6.5M (BLQ)
2902484;TB ACU 12 RDE13.5 EL 6M (BLQ)
2902485;TB RIEGO 3/4 CAMP RDE26 6M - 24 UN
2902486;TB SAN 1.1/2 6M LINEA AZUL SUPER CSA
2902487;TB SAN 2 6M LINEA AZUL SUPER CSA
2902488;TB SAN 3 6M LINEA AZUL SUPER CSA
2902489;TB SAN 4 6M LINEA AZUL SUPER CSA
2902490;UNION ALC PLUS 355MM(14) NOVAFORT (BLQ)
2902491;TB ALC DURAFORT C8355MM(14)5.5MCSA (BLQ)
2902492;TB ACU 20 UM RDE32.5 125PSI 6M (BLQ)
2902493;TB ALC NOVAFORT S8 355MM(14) 6M
2902494;TB ALC NOVAFORT S4 355MM(14) 6M
2902495;TB ACU 14 UM RDE51 6M (BLQ)
2902496;TB ACU 16 UM RDE51 6M (BLQ)
2902499;TB PROC 6M NOVAFORT LISO 400MM
2902500;TB PROC 6M NOVAFORT LISO 450MM
2902501;TB PROC 6M NOVAFORT LISO 500MM
2902505;TB RIEGO 1.1/4 RDE26 6M - 24 UN
2902507;TB CONDUIT LISO 3/4 RALCO3M-25UN (BLQ)
2902509;TB POZO PROF 10 RDE21 (BLQ)
2902510;TB POZO PROF 12 RDE21 (BLQ)
2902511;TB RIEGO C/COMP 10 9.17M
2902512;TB RIEGO C/COMP 6 9.17M
2902513;TB RIEGO C/COMP 8 9.17M
2902514;TB RIEGO MOVIL 2.1/2 RDE26 EL 6M (BLQ)
2902515;TB SAN 2 6M
2902516;TB SAN 3 5M (BLQ)
2902517;TB SAN 3 6M
2902518;TB SAN 6 5M LINEA NOVATEC (BLQ)
2902519;UNION REP RIEGO 10 COPXCAM
2902520;UNION REP RIEGO 10 COPXCOP
2902521;UNION REP RIEGO 8 COPXCAM
2902522;UNION REP RIEGO 8 COPXCOP
2902523;TB ACU 12 UM RDE17 250PSI 6M
2902524;TB ACU 12 UZ RDE64 6M (BLQ)
2902525;TB ACU 12 UZ RDE64 CXC 6M (BLQ)
2902526;TB RIEGO C/COMP 10 8.92M
2902527;TB RIEGO C/COMP 10 10.08M
2902528;TB RIEGO C/COMP 6 10.08M (BLQ)
2902529;TB ENCONADORA GEOS 1.1/4 RDE12 3.15M
2902530;TB LISO PRE 1 CAMP RDE21 6M - 24 UN (BLQ
2902531;TB LISO PRE 1.1/2 CAMP RDE21 6M (BLQ)
2902532;TB ACU 10 UZ RDE64 6M (BLQ)
2902533;TB ACU 10 UZ RDE64 CXC 6M (BLQ)
2902534;TB ACU 4 UZ RDE13.5 315PSI 6M (BLQ)
2902536;TB ALC NOVAFORT S4 110MM(4) 6M (BLQ)
2902537;UNION REP RIEGO 6 COPXCAM (BLQ)
2902538;ELEVADOR CAJA 315(12)X500MM
2902539;ELEVADOR CAJA 315(12)X1000MM
2902540;ELEVADOR CAJA 400(16)X500MM
2902541;ELEVADOR CAJA 400(16)X1000MM
2902542;TB RIEGO MOVIL 1.1/2 RDE26 EL 6M (BLQ)
2902543;TB RIEGO MOVIL 4 RDE41 EL 6M (BLQ)
2902544;TB RIEGO C/COMP 8 10.08M
2902545;TB LISO PRE 1/2 RDE13.5 1M - 48UN
2902546;TB LISO PRE 3/4 RDE11 1M - 24UN
2902547;TB LISO PRE 3/4 RDE21 1M - 24UN
2902548;TB LISO PRE 1 RDE13.5 1M - 24UN
2902549;TB LISO PRE 1 RDE21 1M - 24UN
2902550;TB LISO PRE 1.1/4 RDE21 1M - 24UN
2902551;TB LISO PRE 1.1/2 RDE21 1M - 20UN
2902552;TB LISO PRE 2 RDE21 1M - 10UN
2902553;TB LISO PRE 2.1/2 RDE21 1M - 10 UN (BLQ)
2902554;TB SAN 1.1/2 1M - 20UN
2902555;TB SAN 2 1M LINEA NOVATEC - 10UN (BLQ)
2902556;TB SAN 3 1M LINEA NOVATEC - 7UN (BLQ)
2902557;TB SAN 4 1M LINEA NOVATEC - 7UN (BLQ)
2902558;TB SAN 6 1M LINEA NOVATEC (BLQ)
2902559;TB VENT 1.1/2 1M - 20UN
2902560;TB VENT 2 1M - 10UN
2902561;TB VENT 3 1M - 7UN
2902562;TB VENT 4 1M - 7UN
2902564;TB PROC 5M NOVAFORT LISO 250MM
2902565;TB PROC 5M NOVAFORT LISO 315MM
2902566;TB PROC FILT 3M RDE21 10 (BLQ)
2902567;TB PROC 5.90ML RDE17 10
2902568;TB PROC 5.90ML RDE17 12
2902569;TB RIEGO SIN COMPUERTA 10 9.17M
2902570;TB RIEGO SIN COMPUERTA 6 9.17M (BLQ)
2902572;TB RIEGO SIN COMPUERTA 10 8.92M (BLQ)
2902574;TB RIEGO SIN COMPUERTA 10 10.08M
2902575;TB RIEGO SIN COMPUERTA 6 10.08M (BLQ)
2902576;TB RIEGO SIN COMPUERTA 8 10.08M (BLQ)
2903454;TB LISO PRE 3 RDE21 3M - 10 UN (BLQ)
2903455;TB SAN 6 3M
2903760;TB LISO 1.1/4 ULTRATEMRDE11 6M-5UN (BLQ)
2903761;TB LISO 1.1/2 ULTRATEMRDE11 6M-4UN (BLQ)
2903762;TB LISO 2 ULTRATEMP RDE11 6M (BLQ)
2903789;TB ALC NOVAFORT S8 200MM(8) 6M (C) (BLQ)
2903790;TB ALC NOVAFORTS4PLUS250MM(10)5.5M (BLQ)
2903791;TB ALC NOVAF S4 PLUS 315MM(12)5.5M (BLQ)
2903818;TB ALC NOVAF S8PLUS 355MM(14) 5.5M (BLQ)
2903819;TB ALC NOVAF S4 PLUS 355MM(14)5.5M (BLQ)
2903958;TB PROC CONDUIT 3.2M CVA 1 GRIS
2903959;TB ACU 6 NE RDE51 6M (BLQ)
2903967;TB PROC CONDUIT 3.2M CVA 1/2 GRIS
2903970;TB ALC NOVAF S4 PLUS 400MM(16)5.5M (BLQ)
2903976;TB PROC CONDUIT 3.2M CVA 3/4 GRIS
2904549;TB VENT 1.1/2 3M CSA (BLQ)
2904550;TB VENT 2 3M CSA (BLQ)
2904551;TB VENT 3 3M CSA (BLQ)
2904557;TB LISO PRE 3/4 RDE21 4M CSA-24 UN (BLQ)
2904558;TB LISO PRE 1.1/2 RDE21 PVC 3M CSA (BLQ)
2904560;TB LISO PRE 2.1/2 RDE21 PVC 3M CSA (BLQ)
2904562;TB SAN 1.1/2 PVC 3M CSA (BLQ)
2904564;TB ALC NOVAF S4 PLUS 670MM(27)3.4M (BLQ)
2904566;TB TEXTIL ESTANTERIA 2 RDE21 6M (BLQ)
2904572;TB SAN 2 6M NE NEGRA (BLQ)
2904573;TB SAN 3 6M NE NEGRA (BLQ)
2904580;TB PROC 5.60ML RDE17 12 (BLQ)
2904604;TB ALC NOVAFORT S4 PLUS 823MM(33) 6.5M
2904605;TB ALC NOVAFORT S4 PLUS 898MM(36) 6.5M
2904616;TB LISO PRE 6 RDE21 6M
2904617;TB LISO PRE 6 RDE26 6M (BLQ)
2904631;TB BIAX 10 6M PR200 MAQUILA (BLQ)
2904632;TB RIEGO NOVARIEGO 450MM(18)6M MAQ (BLQ)
2904634;TB ALC DURAF C4DAL 200MM(8) 6M CSA (BLQ)
2904635;TB ALC DURAF C4DAL 250MM(10) 6MCSA (BLQ)
2904636;TB ALC DURAF C4DAL 315MM(12) 6MCSA (BLQ)
2904637;TB ALC DURAFORT C4 355MM(14) 6M CSA
2904638;TB ALC DURAFO C4DAL400MM(16) 6MCSA (BLQ)
2904639;TB ALC DURAFORT C4 160MM(6) 6M CSA
2904648;TB RIEG NOVAR S4 PLUS700MM(27)6.5M (BLQ)
2904692;TB DUCTO TDP 4 VDE TELEFONICA (BLQ)
2904693;TB DUCTO TDP4X6MVDE EMCALI EICEESP (BLQ)
2904743;TB SAN 2 1M - 10UN
2904744;TB SAN 3 1M - 7UN
2904745;TB SAN 4 1M - 7UN
2904746;TB SAN 6 1M - 3UN
2904750;TB DUCTO TDP 4X6M VDE CODENSA (BLQ)
2904900;TB ACU 24 UM RDE21 200PSI 6M
2904921;TB ALC NOVAFORT S4 315MM(12) 6M
2904922;TB ALC NOVAF S4 PLUS 670MM(27) ML (BLQ)
2904925;TB ALC NOVAFORT S4 PLUS 595MM(24) ML
2904926;TB ACU 24 UM RDE26 160PSI 6M (BLQ)
2905040;TB CONDULISO 1/2 3M PLASTIMEC-25UN (BLQ)
2905044;TB ACU 10 RDE13.5 EL 6M (BLQ)
2905079;TB BIAX 3 6M PR200
2905080;TB BIAX 3 6M PR160
2905344;TB CONDUITCORR1/2BCOCONDUFL 30.77M (BLQ)
2905345;TB CONDUITCORR3/4BCOCONDUFL 30.77M (BLQ)
2905346;TB CONDUIT CORR1BCOCONDUFLEX30.77M (BLQ)
2905351;PERFIL PARA FILTRO POZO (BLQ)
2905356;TB ACU 20 UM RDE21 6M CSA
2905357;TB ACU 20 UM RDE26 6M CSA (BLQ)
2905358;TB ACU 20 UM RDE32.5 6M CSA (BLQ)
2905387;TB BIAX 16 6M PR160
2905388;TB BIAX 16 6M PR200
2905392;TB BIAX 18 6M PR160
2905393;TB BIAX 18 6M PR200
2905394;TB BIAX 20 6M PR160
2905395;TB BIAX 20 6M PR200
2905412;TB ACU 24 UM RDE41 100PSI 6M
2905422;TBDUCTTDP4X6MVDETEL-71.1-1081.2011 (BLQ)
2905423;TB DUCTO DB 2X6M EMCALI EICE ESP (BLQ)
2905450;TB ALC NOVAFORTS4PLUS315MM(12)5.8M (BLQ)
2905451;TB ALC NOVAFO S4PLUS355MM(14) 5.8M (BLQ)
2905452;TB ALC NOVAFORTS4PLUS400MM(16)5.8M (BLQ)
2905453;TB ALC NOVAFORT S8 500MM(20) 5.8M
2905454;TB ALC NOVAF S4 PLUS 600MM(24)5.8M (BLQ)
2905455;TB ALC NOVAFORT S4 PLUS 670MM(27) 5.8M
2905456;TB ALC NOVAF S4 PLUS 747MM(30)5.8M (BLQ)
2905457;TB ALC NOVAF S4 PLUS 823MM(33)5.8M (BLQ)
2905515;TB ALC NOVAF S4 PLUS 747MM(30)2.4M (BLQ)
2905543;TB ALC NOVAF S4PLUS 747MM(30)3.96M (BLQ)
2905544;TB ALC NOVAF S4 PLUS 747MM(30)4.9M (BLQ)
2905545;TB ALC NOVAF S4 PLUS 747MM(30) 6M (BLQ)
2905630;TB RIEGO C/COMP 8 8.92M (BLQ)
2905631;TB RIEGO SIN COMPUERTA 8 8.92M (BLQ)
2905662;TB 6 CAFE 6M CSA (BLQ)
2905674;TB BIAX 18 6M PSI 100 (BLQ)
2905676;TB BIAX 18 6M PSI 125 (BLQ)
2905677;TB BIAX 16 5.5M PR160
2905687;TB ALC NOVAFORT S8 450MM(18) 5.8M
2905735;TB LISO PRE 1/2 PVC RDE13.5 3M CSA (BLQ)
2905736;TB SAN 1.1/2 3M PVC AMAR CSA (BLQ)
2905737;TB SAN 2 3M PVC AMAR CSA (BLQ)
2905738;TB SAN 4 3M PVC AMAR CSA (BLQ)
2905751;DISPONIBLE (BLQ)
2905752;TB BIAX 16 6M PR160 INC ACC (BLQ)
2905755;TB BIAX 18 6M PR160 INC ACC (BLQ)
2905758;TB SAN 8 2M (BLQ)
2905812;TB LISOAGUARECUP 3/4RDE11 6M-24 UN (BLQ)
2905813;TB LISOAGUARECUPE 1RDE13.5 6M-24UN (BLQ)
2905814;TB LISOAGUARECUPE1.1/4RDE216M-24UN (BLQ)
2905815;TB LISO AGUARECUPER 1.1/2 RDE21 6M (BLQ)
2905816;TB LISO AGUA RECUPERADA 2 RDE21 6M (BLQ)
2905818;TB LISOAGUARECUPER1/2 RDE9 6M-24UN (BLQ)
2905821;TB PROC 6M NOVAFORT PLUS 595MM(24) (BLQ)
2905822;TB PROC 6M NOVAFORT S4 975MM(39) (BLQ)
2905853;TB LISO PRE 4 RDE13.5 TEXTIL 6M (BLQ)
2905865;TB ALC NOVAFORT S4 975MM(39) 6.5M
2905866;TB ALC NOVAFORT S4 1051MM(42) 6.5M
2905867;TB ALC NOVAFORT S4 1100MM(45) 6.5M (BLQ)
2905868;TB ALC NOVAFORT S4 1200MM(48) 6.5M (BLQ)
2905878;TB LISO PRE 16 RDE13.5 6M
2905911;TB DURAXIAL 3 6M PR160 CSA
2905912;TB DURAXIAL 3 6M PR200 CSA
2905913;TB DURAXIAL 4 6M PR160 CSA
2905914;TB DURAXIAL 4 6M PR200 CSA
2905915;TB DURAXIAL 6 6M PR160 CSA
2905916;TB DURAXIAL 6 6M PR200 CSA
2905917;TB DURAXIAL 8 6M PR160 CSA
2905918;TB DURAXIAL 8 6M PR200 CSA
2905919;TB DURAXIAL 10 6M PR160 CSA
2905920;TB DURAXIAL 10 6M PR200 CSA
2905921;TB DURAXIAL 12 6M PR160 CSA
2905922;TB DURAXIAL 12 6M PR200 CSA
2905945;TB RIEGO SIN COMPUERTA 8 9.17M
2906073;TB ALC NOVAF S4 PLUS 898MM(36) 6M (BLQ)
2906078;TB DUCTO TDP 3X5.5M VDE (BLQ)
2906079;TB DUCTO TDP 4X5.5M VDE (BLQ)
2906080;TB DUCTO TDP 6X5.5M VDE (BLQ)
2906085;TB ALC DURAF 160MM(6) ROT ESP6MCSA (BLQ)
2906086;TB ALC DURAF 200MM(8) ROT ESP6MCSA (BLQ)
2906087;TB ALC DURAF 250MM(10)ROT ESP6MCSA (BLQ)
2906088;TB ALC DURAF 315MM(12)ROT ESP6MCSA (BLQ)
2906143;TB PROC 5.90ML RDE17 14
2906170;TB ACU 24 UM RDE32.5 125PSI 6M (BLQ)
2906237;TB LISO PRE 1.1/2 RDE13.5 6M (BLQ)
2906252;TB PROC FILTROS 6ML RDE17 6 (BLQ)
2906253;TB PROC FILT 5ML RDE21 8 (BLQ)
2906254;TB PROC FILTROS 6ML RDE17 8 (BLQ)
2906256;TB PROC FILT 5M RDE21 10 (BLQ)
2906257;TB PROC FILTROS 6ML RDE17 10 (BLQ)
2906258;TB PROC FILT 5ML RDE21 12 (BLQ)
2906259;TB PROC FILTROS 6ML RDE17 12 (BLQ)
2906260;TB PROC FILT 6ML RDE21 14 (BLQ)
2906261;TB PROC FILTROS 6ML RDE17 14 (BLQ)
2906262;TB PROC FILT 6ML RDE21 16 (BLQ)
2906263;TB PROC FILTROS 6ML RDE17 16 (BLQ)
2906313;TB ALC NOVAFORT S4 595MM(24) 6.5M
2906315;TB CONDUCORR 1/2 AZUL CONDUF 30.5M (BLQ)
2906316;TB CONDUCORR 3/4 AZUL CONDUF 30.5M (BLQ)
2906317;TB CONDUIT CORR1AZULCONDUFLEX30.5M (BLQ)
2906333;UNION ALC S4 PLUS 823MM(33) NOVAFORT
2906378;TB ALC NOVAFORT S4 747MM(30) 6.5M
2906379;TB ALC DURAFORT C4 595MM(24) 6.5M CSA
2906380;TB ALC DURAFORT C4 747MM(30) 6.5M CSA
2906400;TB LISO PRE 1/2 RDE9 5.8M - 24 UN
2906401;TB LISO PRE 3/4 RDE21 5.8M - 24UN
2906402;TB LISO PRE 1 RDE21 5.8M - 24UN
2906403;TB LISO PRE 1.1/4 RDE21 5.8M-24 UN
2906404;TB LISO PRE 1.1/2 RDE21 5.8M
2906405;TB LISO PRE 2 RDE21 5.8M
2906406;TB SAN 2 5.8M
2906407;TB SAN 3 5.8M
2906408;TB SAN 4 5.8M
2906409;TB SAN 6 5.8M
2906464;TB ALC NOVAFORT S4 595MM(24) 5.8M
2906468;TB LISO PRE 2 PVC SCH40 3.01M CSA (BLQ)
2906694;TB ALC NOVAFORT S4 595MM(24) ML (BLQ)
2906695;TB ALC NOVAFORT S4 747MM(30) ML (BLQ)
2906696;TB ALC NOVAFORT S4 975MM(39) ML (BLQ)
2906697;TB ALC NOVAFORT S4 1051MM(42) ML (BLQ)
2906698;TB ALC NOVAF S4 PLUS 823MM(33) ML (BLQ)
2906699;TB ALC NOVAF S4 PLUS 898MM(36) ML (BLQ)
2906721;TB DUCTO TDP 6X6M VDE GERFOR (BLQ)
2906753;UNION ALC S4 595MM(24) NOVAFORT
2906820;TB DRE CORRUG 100MM 50M CON UNION (BLQ)
2906839;TB SAN 2 6M LINEA NOVATEC CONUNION (BLQ)
2906840;TB SAN 4 6M LINEA NOVATEC CONUNION (BLQ)
2906897;TB NOVAF S4NORMPAVC 1000MM(39)6.5M (BLQ)
2906921;TB LISO EXT 40MM QS RDE20 5M (BLQ)
2906922;TB LISO EXT 50MM QS RDE25 5M (BLQ)
2906923;TB LISO EXT 63MM QS RDE31.5 5M (BLQ)
2906924;TB LISO EXT 80MM QS RDE40 5M (BLQ)
2906925;TB LISO EXT 100MM QS RDE40 5M (BLQ)
2906926;TB LISO EXT 125MM QS RDE40 5M (BLQ)
2906927;TB LISO EXT 160MM QS RDE40 5M (BLQ)
2906928;TB LISO EXT 200MM QS RDE40 5M (BLQ)
2906941;TB SAN 8 6M NE NEGRA (BLQ)
2906961;TB LISO 1.1/4 ULTRATERDE115.8M-5UN (BLQ)
2906972;TB PRE 6 EL ROTULO RDE21 6.02M CSA (BLQ)
2906973;TB PRE 6 EL ROTULO RDE21 3.01M CSA (BLQ)
2907224;UNION ALC S4 PLUS 898MM(36) NOVAFORT
2907225;UNION ALC S4 975MM(39) NOVAFORT
2907280;TB ALC NOVAFORT S8 110MM(4) 5.8M (BLQ)
2907281;TB ALC NOVAFORT S8 315MM(12) 5.8M (BLQ)
2907282;TB ALC NOVAFORT S8 400MM(16) 5.8M
2907298;TB ALC NOVAF S4 PLUS 823MM(33) 5M (BLQ)
2907299;UNION ALC S4 1051MM(42) NOVAFORT
2907348;TB ACU 8 UM RDE17 250PSI 6M
2907349;TB ACU 10 UM RDE17 250PSI 6M (BLQ)
2907635;TB LISO RIEGO 1.1/2 RDE32.5 9M (BLQ)
2907639;TB BIAX 8 6M PR160 MAQUILA (BLQ)
2907643;TB BIAX 6 6M PR160 MAQUILA (BLQ)
2907644;TB BIAX 14 6M PR160 MAQUILA (BLQ)
2907702;TB ALC NOVAFORT S4 747MM(30) 6M (BLQ)
2907714;TB BIAX 8 6M PR200 MAQUILA (BLQ)
2907715;TB CONDUIT LISO 1 GRIS SCH40 3M - 14 UN
2907716;TB CONDUIT LISO 1.1/2 GRIS SCH40 3M-10UN
2907717;TB CONDUIT LISO 1.1/4 GRIS SCH40 3M-10UN
2907718;TB CONDUIT LISO 1/2 GRIS SCH40 3M - 24UN
2907719;TB CONDUIT LISO 2 GRIS SCH40 3M
2907720;TB CONDUIT LISO 3/4 GRIS SCH40 3M - 24UN
2907721;TB DURACONDUIT 1 SCH40 3M CSA-14 UN
2907722;TB DURACONDUIT 1.1/2 SCH40 3M CSA-10 UN
2907723;TB DURACONDUIT 1.1/4 SCH40 3M CSA-10 UN
2907724;TB DURACONDUIT 1/2 SCH40 3M CSA-24 UN
2907725;TB DURACONDUIT LISO 2 SCH40 3M CSA
2907726;TB DURACONDUIT 3/4 SCH40 3M CSA-24 UN
2907730;TB PROC CONDUIT GRIS SCH40 3.28M CVA 1
2907731;TB PROC CONDUI GRI SCH40 2.95M CVA 1.1/2
2907732;TB PROC CONDUI GRI SCH40 2.97M CVA 1.1/4
2907733;TB PROC CONDUIT GRIS SCH40 3.25M CVA 1/2
2907734;TB PROC CONDUIT GRIS SCH40 3.15M CVA 2
2907735;TB PROC CONDUIT GRIS SCH40 3.15M CVA 3/4
2907738;TB LISO 1 DURATEMRDE11 3MCSA-24 UN (BLQ)
2907775;TB BIAX 6 6M PR200 MAQUILA (BLQ)
2907806;TB BIAX 12 6M PR160 MAQUILA (BLQ)
2907807;TB BIAX 12 6M PR200 MAQUILA (BLQ)
2907903;TB DUCTO TDP 3X6M VDE CODENSA (BLQ)
2907904;TB DUCTO TDP 6X6M VDE ENEL COLOMBIA
2907907;TBALCNOVAFS4NORMAPAVC600MM(24)6.5M (BLQ)
2907908;TBALCNOVAFS4NORPAVPLU700MM(27)6.5M (BLQ)
2907909;TBALCNOVAFS4NORMAPAVC800MM(30)6.5M (BLQ)
2907910;TBALCNOVAFS4NORPAVPLU898MM(33)6.5M (BLQ)
2907911;TBALCNOVAFS4NORPAVPLU980MM(36)6.5M (BLQ)
2907912;TBALCNOVAFS4NORMPAVC1050MM(42)6.5M (BLQ)
2907946;TB BIAX 10 6M PR160 MAQUILA (BLQ)
2907983;TB LISO PRE 3/4 RDE11 5.8M - 24 UN
2908095;TB ALC NOVAFORT S4 975MM(39) 5.8M
2908223;TB SAN 1.1/2 3M LINEAAZUL AMAR CSA (BLQ)
2908224;TB SAN 2 3M LINEA AZUL AMAR CSA (BLQ)
2908225;TB SAN 3 3M LINEA AZUL AMAR CSA (BLQ)
2908226;TB SAN 4 3M LINEA AZUL AMAR CSA (BLQ)
2908227;TB SAN 1.1/2 3M LINEA AZULSUPERCSA (BLQ)
2908228;TB SAN 2 3M LINEA AZUL SUPER CSA (BLQ)
2908229;TB SAN 3 3M LINEA AZUL SUPER CSA (BLQ)
2908230;TB SAN 4 3M LINEA AZUL SUPER CSA (BLQ)
2908251;TB DUCTO TDP 6X6M VDE ELECTRICARIB (BLQ)
2908302;TB PROC CONDUIT 3.2M CVA 1.1/4 GRIS
2908303;TB PROC CONDUIT 3.2M CVA 1.1/2 GRIS
2908304;TB PROC CONDUIT 3.2M CVA 2 GRIS
2908413;TB LISO 2 TEXTIL 2.12ML (BLQ)
2908414;TB LISO 2 TEXTIL 1.06ML (BLQ)
2908613;TB PRE 8 ELCONROTULORDE21 3.01MCSA (BLQ)
2908722;TB RIEGONOVARIEGO400MM(16)6MMAQUIL (BLQ)
2908765;TB CANAL AMAZONAS 3M (AMANCO WAVIN)
2908766;TB CANAL RAINGO 3M (AMANCO WAVIN)
2908767;TB BAJANTE (AMANCO WAVIN)
2908840;TB PROC 6M NOVAFORT S4 595MM(24) (BLQ)
2908841;TB PROC 6M NOVAFO S4PLUS 670MM(27) (BLQ)
2908842;TB PROC 6M NOVAFORT S4 747MM(30) (BLQ)
2908843;TB PROC 6M NOVAFO S4PLUS 823MM(33) (BLQ)
2908844;TB PROC 6M NOVAFO S4PLUS 898MM(36) (BLQ)
2908845;TB PROC 6M NOVAFORT S4 1051MM(42) (BLQ)
2908846;TB LISO 3/4 ULTRATEMPRDE116M-12 UN (BLQ)
2908854;TB PROC 6M NOVAFORT S8 315MM(12) (BLQ)
2908855;TB PROC 6M NOVAFORT S8 400MM(16) (BLQ)
2908856;TB PROC 6M NOVAFO S4PLUS 355MM(14) (BLQ)
2909069;TB CONDUIT LISO 3/4 PPAC - 10UN
2909083;TB LISO EXT 160MM QS RDE40 4M (BLQ)
2909085;TB RIEGO C/COMP DOBLE 10 9.17M
2909141;TB CONDUICORR 1/2 VDE CONDUF 30.5M (BLQ)
2909142;TB LISO 1.1/2 ULTRATEMP RDE11 5.8M (BLQ)
2909143;TB LISO 2 ULTRATEMP RDE11 5.8M (BLQ)
2909231;TB SAN 1.1/2 PPAC 3ML - 4 UN (BLQ)
2909232;TB LISO PRE 1/2 RDE9PPAC6ML-10 UN (BLQ)
2909295;TB SAN 8 6M CSA
2909296;TB SAN 10 6M CSA
2909320;TB CONDUIT CORR 1/2 GRIS CONDUFLEX 30.5M
2909321;TB CONDUIT CORR 3/4 GRIS CONDUFLEX 30.5M
2909343;TB RIEGO C/COMP DOBLE 10 8.92M (BLQ)
2909402;TB RIEGO 3/4 CAMP RDE26 6MCSA-24UN (BLQ)
2909411;TB ALC NOVAFORT S6 595MM(24) 46PSI 6.5M
2909412;TB ALC NOVAF S6PLUS 670MM(27) 46PSI 6.5M
2909413;TB ALC NOVAFORT S6 747MM(30) 46PSI 6.5M
2909414;TB ALC NOVAF S6PLUS 898MM(36) 46PSI 6.5M
2909431;TB SAN 1.1/2 6M SANITEC CSA
2909432;TB SAN 2 6M SANITEC CSA
2909433;TB SAN 3 6M SANITEC CSA
2909434;TB SAN 4 6M SANITEC CSA
2909435;TB SAN 6 6M SANITEC CSA (BLQ)
2909539;TB ALC NOVAFORT S4 PLUS 898MM(36) 5.8M
2909549;TB LISO PRE 1 RDE13.5 5.8M - 24 UN
2909554;TB BAJANTE RAINMAX 100MM - 4 UN
2909558;TB DUCTO TDP 6X5.8M VDE (BLQ)
2909601;TB CONDUITLISO1/2 3MCSA-24 UN (C) (BLQ)
2909692;TB RIEGO 1.1/2 CAMP RDE32.5 6M
2909737;TB LISO PRE 2 RDE26 TEXTIL 3.50ML (BLQ)
2909738;TB LISO PRE 2 RDE26 TEXTIL 3.80ML (BLQ)
2909739;TB LISO PRE 2 RDE26 TEXTIL 3.90ML (BLQ)
2909740;TB LISO PRE 2 RDE26 TEXTIL 3.98ML (BLQ)
2909741;TB ALC NOVAFORT S6 823MM(33) 46PSI 6.5M
2909761;TB RIEGO C/COMP DOBLE 8 9.17M (BLQ)
2909762;TB ALC NOVAFORT S4 400MM(16) 6M
2909810;TB LISO PRE 4 RDE17 TEXTIL 6M (BLQ)
2909811;TBALCNOVAF S6 975MM(39) 46PSI 6.5M (BLQ)
2909818;TB ALC NOVAFS6 1051MM(42)46PSI6.5M (BLQ)
2909902;TB BAJANT AMAZON 100MM CB (AMANCO WAVIN)
2909962;TB SAN 8 5M (BLQ)
2910067;TB PROC QS 70MMX15.5 - 3.014ML GRIS
2910068;TB PROC QS 90MMX22.5 - 3.014ML GRIS
2910104;TB ALC NOVAFORT S4 1051MM(42) 5.8M
2910105;TB LISO PRE 3 RDE26 TEXTIL 3.70ML (BLQ)
2910170;TB DCTTDP6X6M VDE CODEN-8400131405 (BLQ)
2910194;TB CANAL AMAZONAS CB 6M - 4 UN (BLQ)
2910217;TB LISO 1/2 CPVC HOTPRO RDE11 3M - 48 UN
2910218;TB LISO 1/2 CPVC HOTPRO RDE11 1M - 48 UN
2910219;TB LISO 3/4 CPVC HOTPRO RDE11 3M - 24 UN
2910220;TB LISO 3/4 CPVC HOTPRO RDE11 1M - 48 UN
2910221;TB LISO 1 CPVC HOTPRO RDE11 3M - 24 UN
2910222;TB LISO 1.1/4 CPVC HOTPRO RDE11 6M - 5UN
2910223;TB LISO 1.1/2 CPVC HOTPRO RDE11 6M - 4UN
2910224;TB LISO 2 CPVC HOTPRO RDE11 6M
2910251;TB ACU 14 UMRDE41 100PSI5.8M-SELGU (BLQ)
2910252;TB ACU16UMRDE41 100PSI 5.8M-SELGUA (BLQ)
2910253;TB ACU 20 UM RDE41 100PSI 5.8M (BLQ)
2910254;TB GRP 400MM DC 16BAR 10000PA 6M (BLQ)
2910260;TB BIAX 3 5.5M PR160 (BLQ)
2910307;TB DUCTOTDP6X6MVDECODENSA (127992) (BLQ)
2910308;TB DTO TDP3X6MVDE CODEN-8400131405 (BLQ)
2910432;TB LISO EXT 40MM QS RDE20 5M GRIS
2910433;TB LISO EXT 50MM QS RDE25 5M GRIS
2910434;TB LISO EXT 63MM QS RDE31.5 5M GRIS
2910435;TB LISO EXT 80MM QS RDE40 5M GRIS
2910436;TB LISO EXT 100MM QS RDE40 5M GRIS
2910437;TB LISO EXT 125MM QS RDE40 5M GRIS
2910438;TB LISO EXT 160MM QS RDE40 5M GRIS
2910439;TB LISO EXT 200MM QS RDE40 5M GRIS
2910500;TBDCTOTDP4X6MVDE CODENS-8400131405 (BLQ)
2910529;TB ALC NOVAFORT S4 595MM(24) 6M (BLQ)
2910536;TB RIEBER AWWA 4 C900 RDE18 235PSI 6M
2910537;TB RIEBER AWWA 4 C900 RDE14 305PSI 6M
2910539;TB RIEBER AWWA 6 C900 RDE18 235PSI 6M
2910540;TB RIEBER AWWA 6 C900 RDE14 305PSI 6M
2910541;TB RIEBER AWWA 8 C900 RDE18 235PSI 6M
2910542;TB RIEBER AWWA 8 C900 RDE14 305PSI 6M
2910543;TB RIEBER AWWA 10 C900 RDE18 235PSI 6M
2910544;TB RIEBER AWWA 10 C900 RDE14 305PSI 6M
2910545;TB RIEBER AWWA 12 C900 RDE18 235PSI 6M
2910546;TB RIEBER AWWA 12 C900 RDE14 305PSI 6M
2910642;TB LISO PRE 8 RDE13.5 6M (BLQ)
2910689;TB BIAX 14 5.5M PR200 (BLQ)
2910793;TB 1/2 DURATEMP PLUS+ RDE11 3M CSA-48 UN
2910794;TB 3/4 DURATEMP PLUS+ RDE11 3M CSA-24 UN
2910795;TB 1 DURATEMP PLUS+ RDE11 3M CSA - 24 UN
2910888;TB ALC NOVAF S5 NORMPAVC 1100MM(45)6.5M
2910889;TB ALC NOVAF S5 NORMPAVC 1200MM(48)6.5M
2910922;TB ALC NOVAFORT S4 160MM(6) 5.8M (BLQ)
2910923;TB ALC NOVAFORT S4 200MM(8) 5.8M
2910933;TB ACU 16 UM RDE32.5 125PSI 5.8M (BLQ)
2910934;TB ACU 20 UM RDE32.5 125PSI 5.8M (BLQ)
2910935;TB ACU 24 UM RDE21 200PSI 5.5M
2910936;TB ACU 24 UM RDE41 100PSI 5.8M (BLQ)
2910938;TB DUCTDP3X6MVDECODENSA X (145462) (BLQ)
2911062;TB RIEGO BIORENTADA 4 125PSI 6M
2911063;TB RIEGO BIORENTADA 6 125PSI 6M
2911064;TB RIEGO BIORENTADA 8 125PSI 6M
2911065;TB RIEGO BIORENTADA 10 125PSI 6M
2911066;TB RIEGO BIORENTADA 12 125PSI 6M
2911068;TB ALC DURAFORT C4 250MM(10) 6M CSA
2911069;TB ALC DURAFORT C4 315MM(12) 6M CSA
2911070;TB ALC DURAFORT C4 400MM(16) 6M CSA
2911093;TB LISO BIAX 3 6M PR200
2911094;TB LISO BIAX 4 6M PR200
2911095;TB LISO BIAX 6 6M PR200
2911139;TB RIEGO BIORENTADA 3 125PSI 6M (BLQ)
2911178;TB CANAL AMAZONAS 3.05M-10FT USA (BLQ)
2911179;TB BAJANT AMAZ 3.05M-10FT100MM USA (BLQ)
2911190;TB CANAL WAVINTRADICIONAL 3.05M-10FT (R)
2911191;TB BAJAN WAVINTRADIC 3.05M-10FT 60MM (R)
2911270;TB LISO PRE 2 RDE26 TEXTIL 4.05ML
2911271;TB LISO PRE 3 RDE26 TEXTIL 3.60ML
2911885;TB ALC NOVAFORT S4 315MM(12) 5.8M
2911886;TB ACU 20 UM RDE26 160PSI 5.8M
2911901;TB LISO PRE 4 RDE32.5 TEXTIL 4.05 ML
2911902;TB 1/2 CPVC SUPERTEMP RDE11 3.05M-50 UN
2911903;TB 1/2 CPVC SUPERTEMP RDE11 6.1M - 50 UN
2911904;TB 3/4 CPVC SUPERTEMP RDE11 3.05M-25 UN
2911905;TB 3/4 CPVC SUPERTEMP RDE11 6.1M - 25 UN
2911906;TB 1 CPVC SUPERTEMP RDE11 3.05M - 10 UN
2911920;TB 1 CPVC SUPERTEMP RDE11 6.1M - 10 UN
2911921;TB 1.1/4 CPVC SUPERTEMP RDE11 3.05M-10UN
2911922;TB 1.1/4 CPVC SUPERTEMP RDE11 6.1M-10UN
2911923;TB 1.1/2 CPVC SUPERTEMP RDE11 3.05M-10UN
2911924;TB 1.1/2 CPVC SUPERTEMP RDE11 6.1M-10UN
2911925;TB 2 CPVC SUPERTEMP RDE11 3.05M - 10 UN
2911926;TB 2 CPVC SUPERTEMP RDE11 6.1M - 10 UN
2911931;TB ALC NOVAFORT S4 PLUS 823MM(33) 5.8M
2911932;TB ALC NOVAF S5 NORMPAVC 1100MM(45)5.8M
2911971;TB ALC NOVAFORT S4 400MM(16) 5.8M
2911972;UNION ALC S5 1100MM(45) NOVAFORT
2911973;UNION ALC S5 1200MM(48) NOVAFORT
2912013;TB ACU 8 UM RDE21 200PSI 5.8M (BLQ)
2912014;TB ACU 8 UM RDE26 160PSI 5.8M (BLQ)
2912015;TB LISO PRE 2.1/2 RDE21 5.8M
2912016;TB LISO PRE 3 RDE21 5.8M
2912017;TB LISO PRE 4 RDE21 5.8M (BLQ)
2912018;TB LISO PRE 6 RDE21 5.8M (BLQ)
2912019;TB SAN 1.1/2 5.8M (BLQ)
2912020;TB SAN 8 5.8M (BLQ)
2912021;TB SAN 10 5.8M (BLQ)
2912023;TB PROC DRE 65MM 150MPARA C/FILTRO (BLQ)
2912024;TB PROC DRE 100MM 100MPARAC/FILTRO (BLQ)
2912025;TB PROC DRE 160MM 50MPARA C/FILTRO (BLQ
2912026;TB PROC DRE 200MM 35MPARA C/FILTRO (BLQ)
2912035;TB DUCTDP4X6MVDECODENSA-JA10092580 (BLQ)
2912036;TB DUCTDP4X6MVDECODENSA-JA10093290 (BLQ)
2912037;TB DUCTO TDP 6X6M VDE CODENSA-JA10092580
2912132;TB 1/2 CPVC HOTPRO RDE11 3.05M-50U (NAL)
2912133;TB 1/2CPVCHOTPRORDE116.1M-50U(NAL) (BLQ)
2912134;TB3/4CPVCHOTPRORDE113.05M-25U(NAL) (BLQ)
2912135;TB 3/4CPVCHOTPRORDE116.1M-25U(NAL) (BLQ)
2912136;TB 1CPVCHOTPRORDE113.05M-10UN(NAL) (BLQ)
2912137;TB 1CPVCHOTPRORDE116.1M-10UN (NAL) (BLQ)
2912138;TB1.1/4CPVCHOTPRRDE113.05M-10U(NA) (BLQ)
2912139;TB1.1/4CPVCHOTPRRDE116.1M-10U(NAL) (BLQ)
2912140;TB1.1/2CPVCHOTPRRDE113.05M-10U(NA) (BLQ)
2912141;TB1.1/2CPVCHOTPRRDE116.1M-10U(NAL) (BLQ)
2912142;TB 2CPVCHOTPRORDE113.05M-10UN(NAL) (BLQ)
2912143;TB 2CPVCHOTPRORDE116.1M-10UN (NAL) (BLQ)
2912205;TB CANAL WAVINTRADICIONAL 3.05M-BNM (R)
2912206;TB BAJAN WAVINTRADICI 3.05M-60MM BNM (R)
2912229;TB 1/2 CPVC WAVIN ST RDE11 3.05M
2912230;TB 1/2 CPVC WAVIN ST RDE11 6.1M
2912231;TB 3/4 CPVC WAVIN ST RDE11 3.05M
2912232;TB 3/4 CPVC WAVIN ST RDE11 6.1M
2912233;TB 1 CPVC WAVIN ST RDE11 3.05M
2912234;TB 1 CPVC WAVIN ST RDE11 6.1M
2912235;TB 1.1/4 CPVC WAVIN ST RDE11 3.05M
2912236;TB 1.1/4 CPVC WAVIN ST RDE11 6.1M
2912237;TB 1.1/2 CPVC WAVIN ST RDE11 3.05M
2912238;TB 1.1/2 CPVC WAVIN ST RDE11 6.1M
2912239;TB 2 CPVC WAVIN ST RDE11 3.05M
2912240;TB 2 CPVC WAVIN ST RDE11 6.1M
2912341;TB RIEGO 3/4 CAMP LISA RDE32.5 6M - 24UN
2912342;TB RIEGO 1 CAMP LISA RDE32.5 6M - 24UN
2912343;TB RIEGO 2 CAMP LISA RDE41 6M (BLQ)
2912344;TB RIEGO 3 CAMP LISA RDE41 6M (BLQ)
2912345;TB RIEGO 3 CAMP LISA RDE51 6M (BLQ)
2912457;TB ALC TDP 160MM(6) 6M DURMAN
2912458;TB ALC TDP 200MM(8) 6M DURMAN
2912459;TB ALC TDP 315MM(12) 6M DURMAN
2912509;TB ALCNOVAFORT S4PLUS 898MM(36) EXE 6.5M
2912563;TB PROC NIPLE NOVAFOR 747MM(30) 1.6M CXC
2912620;TB PROC 1/2 CPVCSUPERTE RDE11 3.05M-50UN
2912621;TB PROC 1/2 CPVCSUPERTE RDE11 6.10M-50UN
2912622;TB PROC 3/4 CPVCSUPERTE RDE11 3.05M-25UN
2912623;TB PROC 3/4 CPVCSUPERTE RDE11 6.10M-25UN
2912624;TB PROC 1 CPVCSUPERTE RDE11 3.05M-10UN
2912625;TB PROC 1 CPVCSUPERTE RDE11 6.10M-10UN
2912626;TBPRO1.1/4CPVCSUPERRDE11 3.05M-10U (BLQ)
2912627;TBPRO1.1/4CPVCSUPERRDE11 6.10M-10U (BLQ)
2912628;TB PROC 1.1/2 CPVCSUPERT RDE11 3.05M-10U
2912629;TB PROC 1.1/2 CPVCSUPERT RDE11 6.10M-10U
2912630;TBPROC2CPVCSUPERT RDE11 3.05M-10UN (BLQ)
2912631;TBPROC2CPVCSUPERT RDE11 6.10M-10UN (BLQ)
2912651;ELEVADOR CAJA 400(16)X2000MM
2912674;TB DUCTO TDP 3X6M VDE DURMAN
2912675;TB DUCTO TDP 4X6M VDE DURMAN
2912676;TB DUCTO TDP 6X6M VDE DURMAN
2912695;TB ACU 14 UM RDE21 200PSI 5.8M
2912697;TB DURACONDUIT 3/4 SCH40 3.31M CSA-24 UN
2912698;TB DURACONDUIT 1 SCH40 3.31M CSA-14 UN
2912699;TB DURACONDUIT 1.1/2SCH40 3.31M CSA-10UN
2912700;TB DURACONDUIT 2 SCH40 3.31M CSA
2912701;TB DURACONDUIT 3 SCH40 3M CSA
2912702;TB DURACONDUIT 4 SCH40 3M CSA
2912748;TB ALC NOVAFORT S8 450MM(18) 6M ALIGERAD
2912749;TB ALC NOVAFORT S8 500MM(20) 6M ALIGERAD
2912830;TB BIAX 3 5.5M PR200
2912904;TB ALC NOVAFORT S4 975MM(39) 6.5M EXPO
2912905;TBALCNOVAF S5NORMPAVC1100MM(45)6.5M EXPO
2912911;TB CANAL AMAZONAS 3M - 2 UN CAR
2912982;TB LISO 1/2 CPVC HOTPRO RDE11 3M (MP)
2912983;TB LISO 3/4 CPVC HOTPRO RDE11 3M (MP)
2913001;TB SAN 1.1/2 6M BCO
2913002;TB SAN 2 6M BCO
2913003;TB SAN 4 6M BCO
2913006;TB LISO PRE 1/2 RDE13.5 5.8M - 24 UN
